{"updateInterval":250,"extendedStatusInterval":10,"maxRetries":2,"haltedReconnectDelay":10000,"updateReconnectDelay":20000,"dwsReconnectDelay":45000,"dwcReconnectDelay":225000,"showConnect":false,"confirmStop":false,"useKiB":true,"theme":"default","scrollContent":true,"showFanControl":true,"showFanRPM":false,"settingsOnDuet":true,"language":"en","moveFeedrate":6000,"axisMoveSteps":[[100,50,10,1,0.1],[100,50,10,1,0.1],[50,25,5,0.5,0.05],[100,50,10,1,0.1],[100,50,10,1,0.1],[100,50,10,1,0.1],[100,50,10,1,0.1],[100,50,10,1,0.1],[100,50,10,1,0.1]],"extruderAmounts":[100,50,20,10,5,1],"extruderFeedrates":[60,30,15,5,1],"babysteppingZ":0.05,"showATXControl":false,"uppercaseGCode":true,"doTfree":true,"doTpre":true,"doTpost":true,"useHtmlNotifications":false,"autoCloseUserMessages":false,"autoCloseErrorMessages":false,"showEmptyResponses":false,"showInfoMessages":true,"showWarningMessages":true,"showErrorMessages":true,"notificationTimeout":5000,"maxNotifications":3,"webcamURL":"","webcamInterval":5000,"webcamFix":false,"webcamEmbedded":false,"webcamRotation":0,"webcamFlip":"none","defaultActiveTemps":[0,180,190,200,210,220,235],"defaultStandbyTemps":[0,95,120,140,155,170],"defaultBedTemps":[0,55,60,65,90,110,120]}